{
    "metadata": {
        "timestamp": "2025-08-14T10:02:16.329716",
        "vidore_benchmark_version": "5.0.0"
    },
    "metrics": {
        "vidore/docvqa_test_subsampled": {
            "ndcg_at_1": 0.48337,
            "ndcg_at_3": 0.54337,
            "ndcg_at_5": 0.56894,
            "ndcg_at_10": 0.58813,
            "ndcg_at_20": 0.60049,
            "ndcg_at_50": 0.61642,
            "ndcg_at_100": 0.62554,
            "map_at_1": 0.48337,
            "map_at_3": 0.52882,
            "map_at_5": 0.54302,
            "map_at_10": 0.55126,
            "map_at_20": 0.55467,
            "map_at_50": 0.55726,
            "map_at_100": 0.55811,
            "recall_at_1": 0.48337,
            "recall_at_3": 0.58537,
            "recall_at_5": 0.64745,
            "recall_at_10": 0.7051,
            "recall_at_20": 0.75388,
            "recall_at_50": 0.8337,
            "recall_at_100": 0.88914,
            "precision_at_1": 0.48337,
            "precision_at_3": 0.19512,
            "precision_at_5": 0.12949,
            "precision_at_10": 0.07051,
            "precision_at_20": 0.03769,
            "precision_at_50": 0.01667,
            "precision_at_100": 0.00889,
            "mrr_at_1": 0.48337028824833705,
            "mrr_at_3": 0.5280857354028086,
            "mrr_at_5": 0.5424981522542498,
            "mrr_at_10": 0.549713159469257,
            "mrr_at_20": 0.5536594467721032,
            "mrr_at_50": 0.5565526270074118,
            "mrr_at_100": 0.5573284996514765,
            "naucs_at_1_max": 0.3259232062284517,
            "naucs_at_1_std": 0.2843343427460643,
            "naucs_at_1_diff1": 0.8318144487202835,
            "naucs_at_3_max": 0.2556177357692228,
            "naucs_at_3_std": 0.3199310530866305,
            "naucs_at_3_diff1": 0.7681887283615173,
            "naucs_at_5_max": 0.20888675406414262,
            "naucs_at_5_std": 0.33641882783892973,
            "naucs_at_5_diff1": 0.748225607153027,
            "naucs_at_10_max": 0.10662842811724825,
            "naucs_at_10_std": 0.41892852049378354,
            "naucs_at_10_diff1": 0.7298689606213864,
            "naucs_at_20_max": 0.07180787904490524,
            "naucs_at_20_std": 0.5021416544926216,
            "naucs_at_20_diff1": 0.7203224657738335,
            "naucs_at_50_max": -0.03915361769532599,
            "naucs_at_50_std": 0.6035192299710341,
            "naucs_at_50_diff1": 0.7279240385972057,
            "naucs_at_100_max": -0.13493690468168132,
            "naucs_at_100_std": 0.7490474494474043,
            "naucs_at_100_diff1": 0.7338285197104081
        }
    }
}